segment_0|Tidak , ikan hidup dan bernafas di bawah air , jadi mereka tidak boleh memanjat pokok 
segment_1|Melalui kapsyen ringkas , Yuna menulis ,
segment_2|Kerajaan harus memastikan komunikasinya jelas , konsisten dan boleh diakses oleh semua segmen masyarakat ,
segment_3|Pertama , mereka boleh bersikap telus tentang motivasi dan objektif mereka untuk meminta siasatan lanjut ,
segment_4|Terdapat beberapa cara rakyat Malaysia biasa boleh memastikan keperluan mereka diwakili dan ditangani oleh gabungan pemerintah ,,
segment_5|Tidak , saya tidak boleh membuatkan anda sandwic . Saya tidak boleh berinteraksi secara fizikal dengan dunia untuk menyediakan makanan ,
segment_6|Tidak , saya tidak boleh merasa makanan . Saya tidak mempunyai badan fizikal , jadi saya tidak dapat mengalami deria rasa 
segment_7|Penyanyi lagu Shake It Off itu dikatakan keluar dari kediamannya di Manhattan , New York dengan bersembunyi di dalam sebuah bagasi ,
segment_10|IACC kini mampu menyiasat dan mendakwa kes tanpa campur tangan politik ,,
segment_12|Saya bersimpati mendengarnya . Saya di sini jika anda mempunyai sebarang pertanyaan atau memerlukan bantuan pada masa akan datang . Selamat mencuba ,,
segment_13|Tidak , saya adalah program komputer yang direka untuk mensimulasikan perbualan . Saya tidak mempunyai perasaan atau kewujudan fizikal ,
segment_14|PAU dua ribu dua puluh titik mula UMNO betulkan perselisihan - Syed Al,,
segment_15|Lagu Pen Pineapple Apple Pen nyanyian Piko Taro sudah mengaut untung sama nilainya dengan gaji dua puluh lima tahun kerja ,,
segment_16|Kehilangan ini bukan sahaja kepada keluarganya malah kepada negeri , parti dan masyarakat Dayak secara keseluruhannya ,
segment_19|Ia adalah peranan mahkamah untuk mempertimbangkan bukti dan membuat penentuan berdasarkan fakta kes ,,
segment_20|Perbicaraan rasuah Najib Razak telah memberi kesan yang ketara kepada reputasi dan kedudukan Malaysia dalam komuniti global ,,
segment_22|Gambar comel yang dimuat naik menerusi akaun Twitter dan Instagram itu ternyata mendapat perhatian seluruh dunia tanpa mengenali agama dan kaum ,,
segment_23|Katanya , ini bukan PRU untuk SPR atau PRU untuk mana - mana parti politik , tetapi PRU untuk seluruh warganegara Malaysia 
segment_24|Kedua - dua bayi lelaki kembarnya dilahirkan isterinya , Dr . Halina Mohd Yunos secara normal ,
segment_30|Tidak , saya direka untuk bersabar dan menghormati , jadi saya tidak marah atau emosi 
segment_35|Walau bagaimanapun , terdapat beberapa langkah yang boleh diambil oleh kerajaan untuk membantu memastikan pembaharuan ini bermakna dan mampan ,
segment_36|Arwah pernah melawat sekolah saya , Suara Akademi dan saya memang anggap dia macam keluarga ,
segment_37|PRN Johor , Calon BN DUN Penggaram positif COVID ,
segment_38|Kerajaan Malaysia telah mengambil beberapa langkah dalam beberapa tahun kebelakangan ini untuk menangani isu kronisme dan nepotisme , termasuk ,
segment_39|Pemberi maklumat harus dilindungi daripada tindakan balas dan diberikan sokongan dan perlindungan yang mencukupi ,,
segment_40|Faizal dakwa kerajaan Anwar tiada keabsahan mora,,
segment_41|Tidak , saya tidak mempunyai perasaan atau emosi . Saya ialah mesin yang direka untuk memproses maklumat dan membantu pengguna ,
segment_42|Pasukan petugas itu termasuk wakil daripada Suruhanjaya Pencegahan Rasuah Malaysia , SPRM , 
segment_43|Lebih baik tumpukan kerusi yang belum dimenangi - Tuan Ibrahi,,
segment_44|Tengku Zulpuri berkata beliau tidak menyebut istana dalam ceramahnya tetapi hanya orang besar dan ia tidak semestinya merujuk kerabat diraja ,,
segment_47|Pada masa sama , Qody turut menceritakan bahawa dia juga banyak menghabiskan masa bersama arwah sepanjang berada di program itu ,
segment_49|Berikut ialah beberapa langkah yang boleh membantu mengekalkan integriti sistem perundangan dan memberi jaminan kepada orang ramai ,,
segment_51|JOHOR BAHRU , Polis Diraja Malaysia , PDRM 
segment_53|Semua pihak perlu bekerjasama untuk satu tindakan rasional dan memastikan Parlimen terus berfungsi dalam keadaan yang lebih selamat ,,
segment_56|Anwar kemudian dibebaskan pada dua ribu empat namun tidak dibenarkan berpolitik selama lima tahun berkuat kuasa dari tarikh pembebasannya ,,
segment_58|Di suatu tempat di atas pelangi , jauh di atas , Ada tanah yang pernah saya dengar dalam lagu pengantar tidur 
segment_60|Sementara itu , Jahid menjelaskan pihaknya menyerahkan perkara itu kepada Tun Juhar untuk membuat keputusan ,
segment_61|Tidak , awan tidak akan hilang . Mereka bergerak dengan angin dan berubah bentuk dan bentuk ,
segment_62|Sebagai langkah permulaan , kami mensasarkan pengumpulan dana untuk keperluan segera dalam kategori Peduli iaitu sebanyak lima puluh ribu ringgit ,
segment_67|Ketika dihubungi Astro AWANI , Abang Zulkifli Abang Engkeh mengesahkan peletakan jawatan Larry Sng sebagai Ketua PKR Sarawak ,
segment_68|hello . Warna salji biasanya putih . Ia terbentuk oleh pantulan cahaya matahari daripada kristal ais kecil ,,
segment_69|KUALA LUMPUR , Sabtu ini orang Sarawak akan mengundi , memilih kerajaan negeri untuk penggal yang baharu 
segment_71|A post shared by Shahrul Anuar Zain , anuarzain ,
segment_73|Berikut adalah beberapa langkah konkrit yang boleh diambil untuk membina kehendak politik dan sokongan awam yang diperlukan untuk perubahan ini ,,
segment_74|PRU , Bung Moktar , Maximus Ongkili kekal pertahan kerus
segment_75|Ini boleh dilakukan melalui media sosial , acara komuniti dan platform lain ,
segment_77|Antara lain yang turut serta adalah Pesuruhjaya Pas Johor , Ustaz Abdullah Husin yang juga Naib Pengerusi PN Johor ,
segment_80|Penglibatan beberapa negara dalam penyiasatan dan pertuduhan telah membawa tahap kerumitan kepada kes yang telah menimbulkan pelbagai cabaran ,,
segment_82|Bekas Ketua Pemuda UMNO Bahagian Arau itu berkata beliau juga tidak mahu dilabel sebagai perampas kerusi panas berkenaan ,,
segment_83|Ya , ia mengeluarkan bunyi . Bunyi adalah satu bentuk tenaga yang disebabkan oleh getaran , yang boleh berlaku tanpa kehadiran manusia 
